url,title,author,read_count,time
https://www.douban.com/group/topic/298214226/,感恩🙏Thanksgiving🦃️,ALIVEM,15,11-30 11:13
https://www.douban.com/group/topic/298399437/,尽量不要从网上买肉,拖延症治疗院,41,11-30 11:12
https://www.douban.com/group/topic/298479157/,求推荐好喝的豆浆粉,已注销,15,11-30 10:58
https://www.douban.com/group/topic/297924364/,有谁知道它叫啥,H,41,11-30 10:56
https://www.douban.com/group/topic/297936551/,于我而言，烘焙是安安静静的一个人的世界,吾非吾,22,11-30 10:55
https://www.douban.com/group/topic/298144110/,各位大厨们，麻烦帮我看看我买的是不是真牛肉，怎么这么像猪肉,momo,65,11-30 10:47
https://www.douban.com/group/topic/298483660/,初中生早餐🥣,金先生的花,6,11-30 10:40
https://www.douban.com/group/topic/298370485/,青椒，为什么我活了半辈子才明白有这么好吃的配菜,momo,71,11-30 10:37
https://www.douban.com/group/topic/298463910/,钓鱼归来,牧云放野,15,11-30 10:32
https://www.douban.com/group/topic/298409768/,炖鸡汤，怎样才能汤鲜肉不柴啊？,巴拿马是只猫,48,11-30 10:30
https://www.douban.com/group/topic/297841835/,不是我夸张，真香啊,Ocean,32,11-30 10:25
https://www.douban.com/group/topic/298463349/,看菜色，大概就知道哪里的饭菜了,豆友A9d4KPmYaI,5,11-30 10:10
https://www.douban.com/group/topic/298232541/,橘子煎蛋味道好滴狠,睡够8小时,61,11-30 10:07
https://www.douban.com/group/topic/297477112/,做任务赢称号！谁是下厨房组天选小当家,豆瓣小组,35,11-30 10:02
https://www.douban.com/group/topic/298486373/,鸡蛋煎什么都很好吃,睡够8小时,,11-30 09:52
https://www.douban.com/group/topic/298485624/,戚风蛋糕,嘿呀,,11-30 09:29
https://www.douban.com/group/topic/298428921/,小苏打泡豆腐为什么会嫩,Fx,6,11-30 09:26
https://www.douban.com/group/topic/298485163/,有手就行懒人自制拿铁,莓,,11-30 09:14
https://www.douban.com/group/topic/298404209/,生日快乐呀 34岁的第一天 从新开始,一枝离愁,53,11-30 09:06
https://www.douban.com/group/topic/288847014/,今天开始，好好吃饭！,momo,13,11-30 08:47
https://www.douban.com/group/topic/298452808/,求助｜红糖怎么消耗~,挑战极限,4,11-30 08:38
https://www.douban.com/group/topic/298026846/,陶瓷锅和钛锅怎么样呀,☁️,43,11-30 08:34
https://www.douban.com/group/topic/298415494/,肉肉肉！去健身房测蛋白质含量太低，该怎么吃呀,青,14,11-30 08:29
https://www.douban.com/group/topic/298484252/,尊嘟很爱做牛排和意粉！实惠、操作简单、又美味😋,かみ隠し,,11-30 08:26
https://www.douban.com/group/topic/298484233/,今天决定手擀面,ihgh,,11-30 08:25
https://www.douban.com/group/topic/298373608/,我的酸豇豆好像做失败了,阿白,40,11-30 08:04
https://www.douban.com/group/topic/298476540/,做了两个简单的菜嘿嘿,玛卡巴卡的推车,3,11-30 08:04
https://www.douban.com/group/topic/298464529/,两菜一汤！,随缘,1,11-30 08:03
https://www.douban.com/group/topic/294932376/,为省钱自己带早餐三个月了！,咱省省呗🎫,147,11-30 07:28
https://www.douban.com/group/topic/298451053/,自带午餐,西瓜,7,11-30 07:07
https://www.douban.com/group/topic/298477231/,炒饸饹,大贝贝大,7,11-30 07:01
https://www.douban.com/group/topic/298221659/,红烧牛肉《已附上教程》,牧云放野,18,11-30 06:23
https://www.douban.com/group/topic/294424978/,天天不重样 三年转眼过｜第871道嘿嘿嘿～,ALIVEM,99,11-30 05:34
https://www.douban.com/group/topic/298170443/,该怎么把江西炒米粉炒得干一些呢,momo,41,11-30 03:44
https://www.douban.com/group/topic/298429585/,感觉我做的所有菜都是酱油味😭,momo,46,11-30 03:21
https://www.douban.com/group/topic/298480733/,今天又是胖胖的一天！,猫狗日记,3,11-30 01:21
https://www.douban.com/group/topic/298481498/,失败！第一次和第二次贝果,：）,,11-30 00:50
https://www.douban.com/group/topic/298464207/,是不是只有南方人爱吃这菜？著名的＂苏氏薯片＂也是用它做的，我这菜叫做茨菇牛肉煲,阿胡的食光,2,11-30 00:39
https://www.douban.com/group/topic/298391846/,有什么锅可以又炒又烧啊,叶子,15,11-30 00:34
https://www.douban.com/group/topic/298446685/,焦化黄油卡斯特拉,未央,8,11-30 00:21
https://www.douban.com/group/topic/297963312/,为什么不是那种QQ的感觉?（哭死）,Blue,25,11-30 00:16
https://www.douban.com/group/topic/286048798/,开坑记录日本留学期间自己做的饭><,和小脚趾说晚安,1,11-29 23:43
https://www.douban.com/group/topic/298451970/,蒸肉饼,技术员,1,11-29 23:28
https://www.douban.com/group/topic/298413932/,我家普通人的晚饭,彼岸花,4,11-29 22:54
https://www.douban.com/group/topic/297872953/,分享个清炖羊排的做法,无名,38,11-29 22:22
https://www.douban.com/group/topic/298474669/,煎了点紫菜饼,momo,,11-29 22:11
https://www.douban.com/group/topic/298005515/,自己在家花200做的大餐,噢力给,20,11-29 22:09
https://www.douban.com/group/topic/298292392/,青色的辣萝卜大家都怎么吃呀,绿豆丸子,39,11-29 21:42
https://www.douban.com/group/topic/298438890/,土豆鸡蛋沙拉夹馅,Lavi,6,11-29 21:34
https://www.douban.com/group/topic/298197715/,为什么我的杂粮饭一点都不粘啊,momo,23,11-29 21:19
https://www.douban.com/group/topic/298471628/,又翻车了，什么回事😓,小鱼籽,,11-29 21:13
https://www.douban.com/group/topic/297471393/,切菜器和切肉器,🌟🌟不说话,2,11-29 21:11
https://www.douban.com/group/topic/298143799/,自己做饭吃真的是很快乐的一件事呀🤣,mako酱,47,11-29 21:05
https://www.douban.com/group/topic/298470882/,早餐合集｜让自己健康和快乐是首要大事！,是春天呐,,11-29 20:59
https://www.douban.com/group/topic/298041392/,都来猜猜这碗汤是用啥煲的！特暖，特鲜美,阿胡的食光,22,11-29 20:42
https://www.douban.com/group/topic/298231744/,到处发我做的菜～,树能,21,11-29 20:30
https://www.douban.com/group/topic/298304381/,谁能教教我茄子怎么做好吃,新一君,73,11-29 20:23
https://www.douban.com/group/topic/293287741/,独居社畜的做饭记录,今天晚上吃什么,59,11-29 20:22
